<?xml version="1.0" encoding="utf-8"?>
<ArrayOfToolbarButton xmlns:xsd="http://www.w3.org/2001/XMLSchema" xmlns:xsi="http://www.w3.org/2001/XMLSchema-instance">
  <ToolbarButton>
    <ToolbarName>Mathjax</ToolbarName>
    <ToolbarIcon>mathjax.png</ToolbarIcon>
  </ToolbarButton>
  <ToolbarButton>
    <ToolbarName>Source</ToolbarName>
    <ToolbarIcon>Source.png</ToolbarIcon>
  </ToolbarButton>
  <ToolbarButton>
    <ToolbarName>Save</ToolbarName>
    <ToolbarIcon>Save.png</ToolbarIcon>
  </ToolbarButton>
  <ToolbarButton>
    <ToolbarName>NewPage</ToolbarName>
    <ToolbarIcon>NewPage.png</ToolbarIcon>
  </ToolbarButton>
  <ToolbarButton>
    <ToolbarName>Preview</ToolbarName>
    <ToolbarIcon>Preview.png</ToolbarIcon>
  </ToolbarButton>
  <ToolbarButton>
    <ToolbarName>Print</ToolbarName>
    <ToolbarIcon>Print.png</ToolbarIcon>
  </ToolbarButton>
  <ToolbarButton>
    <ToolbarName>Templates</ToolbarName>
    <ToolbarIcon>Templates.png</ToolbarIcon>
  </ToolbarButton>
  <ToolbarButton>
    <ToolbarName>Cut</ToolbarName>
    <ToolbarIcon>Cut.png</ToolbarIcon>
  </ToolbarButton>
  <ToolbarButton>
    <ToolbarName>Copy</ToolbarName>
    <ToolbarIcon>Copy.png</ToolbarIcon>
  </ToolbarButton>
  <ToolbarButton>
    <ToolbarName>Paste</ToolbarName>
    <ToolbarIcon>Paste.png</ToolbarIcon>
  </ToolbarButton>
  <ToolbarButton>
    <ToolbarName>PasteText</ToolbarName>
    <ToolbarIcon>PasteText.png</ToolbarIcon>
  </ToolbarButton>
  <ToolbarButton>
    <ToolbarName>PasteFromWord</ToolbarName>
    <ToolbarIcon>PasteFromWord.png</ToolbarIcon>
  </ToolbarButton>
  <ToolbarButton>
    <ToolbarName>Undo</ToolbarName>
    <ToolbarIcon>Undo.png</ToolbarIcon>
  </ToolbarButton>
  <ToolbarButton>
    <ToolbarName>Redo</ToolbarName>
    <ToolbarIcon>Redo.png</ToolbarIcon>
  </ToolbarButton>
  <ToolbarButton>
    <ToolbarName>Find</ToolbarName>
    <ToolbarIcon>Find.png</ToolbarIcon>
  </ToolbarButton>
  <ToolbarButton>
    <ToolbarName>Replace</ToolbarName>
    <ToolbarIcon>Replace.png</ToolbarIcon>
  </ToolbarButton>
  <ToolbarButton>
    <ToolbarName>SelectAll</ToolbarName>
    <ToolbarIcon>SelectAll.png</ToolbarIcon>
  </ToolbarButton>
  <ToolbarButton>
    <ToolbarName>SpellChecker</ToolbarName>
    <ToolbarIcon>SpellChecker.png</ToolbarIcon>
  </ToolbarButton>
  <ToolbarButton>
    <ToolbarName>Scayt</ToolbarName>
    <ToolbarIcon>SpellChecker.png</ToolbarIcon>
  </ToolbarButton>
  <ToolbarButton>
    <ToolbarName>Bold</ToolbarName>
    <ToolbarIcon>Bold.png</ToolbarIcon>
  </ToolbarButton>
  <ToolbarButton>
    <ToolbarName>Italic</ToolbarName>
    <ToolbarIcon>Italic.png</ToolbarIcon>
  </ToolbarButton>
  <ToolbarButton>
    <ToolbarName>Underline</ToolbarName>
    <ToolbarIcon>Underline.png</ToolbarIcon>
  </ToolbarButton>
  <ToolbarButton>
    <ToolbarName>Strike</ToolbarName>
    <ToolbarIcon>Strike.png</ToolbarIcon>
  </ToolbarButton>
  <ToolbarButton>
    <ToolbarName>Subscript</ToolbarName>
    <ToolbarIcon>Subscript.png</ToolbarIcon>
  </ToolbarButton>
  <ToolbarButton>
    <ToolbarName>Superscript</ToolbarName>
    <ToolbarIcon>Superscript.png</ToolbarIcon>
  </ToolbarButton>
  <ToolbarButton>
    <ToolbarName>RemoveFormat</ToolbarName>
    <ToolbarIcon>RemoveFormat.png</ToolbarIcon>
  </ToolbarButton>
  <ToolbarButton>
    <ToolbarName>NumberedList</ToolbarName>
    <ToolbarIcon>NumberedList.png</ToolbarIcon>
  </ToolbarButton>
  <ToolbarButton>
    <ToolbarName>BulletedList</ToolbarName>
    <ToolbarIcon>BulletedList.png</ToolbarIcon>
  </ToolbarButton>
  <ToolbarButton>
    <ToolbarName>Outdent</ToolbarName>
    <ToolbarIcon>Outdent.png</ToolbarIcon>
  </ToolbarButton>
  <ToolbarButton>
    <ToolbarName>Indent</ToolbarName>
    <ToolbarIcon>Indent.png</ToolbarIcon>
  </ToolbarButton>
  <ToolbarButton>
    <ToolbarName>Blockquote</ToolbarName>
    <ToolbarIcon>Blockquote.png</ToolbarIcon>
  </ToolbarButton>
  <ToolbarButton>
    <ToolbarName>CreateDiv</ToolbarName>
    <ToolbarIcon>CreateDiv.png</ToolbarIcon>
  </ToolbarButton>
  <ToolbarButton>
    <ToolbarName>JustifyLeft</ToolbarName>
    <ToolbarIcon>JustifyLeft.png</ToolbarIcon>
  </ToolbarButton>
  <ToolbarButton>
    <ToolbarName>JustifyCenter</ToolbarName>
    <ToolbarIcon>JustifyCenter.png</ToolbarIcon>
  </ToolbarButton>
  <ToolbarButton>
    <ToolbarName>JustifyRight</ToolbarName>
    <ToolbarIcon>JustifyRight.png</ToolbarIcon>
  </ToolbarButton>
  <ToolbarButton>
    <ToolbarName>JustifyBlock</ToolbarName>
    <ToolbarIcon>JustifyBlock.png</ToolbarIcon>
  </ToolbarButton>
  <ToolbarButton>
    <ToolbarName>BidiLtr</ToolbarName>
    <ToolbarIcon>BidiLtr.png</ToolbarIcon>
  </ToolbarButton>
  <ToolbarButton>
    <ToolbarName>BidiRtl</ToolbarName>
    <ToolbarIcon>BidiRtl.png</ToolbarIcon>
  </ToolbarButton>
  <ToolbarButton>
    <ToolbarName>Link</ToolbarName>
    <ToolbarIcon>Link.png</ToolbarIcon>
  </ToolbarButton>
  <ToolbarButton>
    <ToolbarName>Unlink</ToolbarName>
    <ToolbarIcon>Unlink.png</ToolbarIcon>
  </ToolbarButton>
  <ToolbarButton>
    <ToolbarName>Anchor</ToolbarName>
    <ToolbarIcon>Anchor.png</ToolbarIcon>
  </ToolbarButton>
  <ToolbarButton>
    <ToolbarName>Image</ToolbarName>
    <ToolbarIcon>Image.png</ToolbarIcon>
  </ToolbarButton>
  <ToolbarButton>
    <ToolbarName>Flash</ToolbarName>
    <ToolbarIcon>Flash.png</ToolbarIcon>
  </ToolbarButton>
  <ToolbarButton>
    <ToolbarName>Table</ToolbarName>
    <ToolbarIcon>Table.png</ToolbarIcon>
  </ToolbarButton>
  <ToolbarButton>
    <ToolbarName>HorizontalRule</ToolbarName>
    <ToolbarIcon>HorizontalRule.png</ToolbarIcon>
  </ToolbarButton>
  <ToolbarButton>
    <ToolbarName>Smiley</ToolbarName>
    <ToolbarIcon>Smiley.png</ToolbarIcon>
  </ToolbarButton>
  <ToolbarButton>
    <ToolbarName>SpecialChar</ToolbarName>
    <ToolbarIcon>SpecialChar.png</ToolbarIcon>
  </ToolbarButton>
  <ToolbarButton>
    <ToolbarName>PageBreak</ToolbarName>
    <ToolbarIcon>PageBreak.png</ToolbarIcon>
  </ToolbarButton>
  <ToolbarButton>
    <ToolbarName>Styles</ToolbarName>
    <ToolbarIcon>Styles.png</ToolbarIcon>
  </ToolbarButton>
  <ToolbarButton>
    <ToolbarName>Format</ToolbarName>
    <ToolbarIcon>Format.png</ToolbarIcon>
  </ToolbarButton>
  <ToolbarButton>
    <ToolbarName>Font</ToolbarName>
    <ToolbarIcon>Font.png</ToolbarIcon>
  </ToolbarButton>
  <ToolbarButton>
    <ToolbarName>FontSize</ToolbarName>
    <ToolbarIcon>FontSize.png</ToolbarIcon>
  </ToolbarButton>
  <ToolbarButton>
    <ToolbarName>TextColor</ToolbarName>
    <ToolbarIcon>TextColor.png</ToolbarIcon>
  </ToolbarButton>
  <ToolbarButton>
    <ToolbarName>BGColor</ToolbarName>
    <ToolbarIcon>BGColor.png</ToolbarIcon>
  </ToolbarButton>
  <ToolbarButton>
    <ToolbarName>Maximize</ToolbarName>
    <ToolbarIcon>Maximize.png</ToolbarIcon>
  </ToolbarButton>
  <ToolbarButton>
    <ToolbarName>ShowBlocks</ToolbarName>
    <ToolbarIcon>ShowBlocks.png</ToolbarIcon>
  </ToolbarButton>
  <ToolbarButton>
    <ToolbarName>About</ToolbarName>
    <ToolbarIcon>About.png</ToolbarIcon>
  </ToolbarButton>
  <ToolbarButton>
    <ToolbarName>Iframe</ToolbarName>
    <ToolbarIcon>Iframe.png</ToolbarIcon>
  </ToolbarButton>
  <ToolbarButton>
    <ToolbarName>oembed</ToolbarName>
    <ToolbarIcon>oEmbed.png</ToolbarIcon>
  </ToolbarButton>
  <ToolbarButton>
    <ToolbarName>syntaxhighlight</ToolbarName>
    <ToolbarIcon>syntaxhighlight.gif</ToolbarIcon>
  </ToolbarButton>
  <ToolbarButton>
    <ToolbarName>qrcodes</ToolbarName>
    <ToolbarIcon>qrcodes.jpg</ToolbarIcon>
  </ToolbarButton>
  <ToolbarButton>
    <ToolbarName>newsarticleslinks</ToolbarName>
    <ToolbarIcon>newsarticleslinks.gif</ToolbarIcon>
  </ToolbarButton>
  <ToolbarButton>
    <ToolbarName>-</ToolbarName>
    <ToolbarIcon>separator.png</ToolbarIcon>
  </ToolbarButton>
</ArrayOfToolbarButton>